u,v,layer,u_label,v_label
0,98,0,0,0
0,269,0,0,0
0,350,0,0,0
0,322,0,0,0
0,444,0,0,0
0,278,0,0,0
3,413,0,3,3
3,265,0,3,3
3,412,0,3,3
3,6,0,3,3
3,404,0,3,3
3,427,0,3,3
3,348,0,3,3
3,156,0,3,3
3,4,0,3,3
3,279,0,3,0
3,92,0,3,3
3,215,0,3,3
3,61,0,3,3
3,8,0,3,3
3,424,0,3,3
3,415,0,3,3
3,472,0,3,3
3,221,0,3,3
3,450,0,3,3
3,463,0,3,3
3,223,0,3,3
3,256,0,3,3
3,69,0,3,3
3,366,0,3,3
3,214,0,3,3
3,300,0,3,3
3,443,0,3,3
3,227,0,3,3
3,370,0,3,3
3,64,0,3,3
3,119,0,3,1
3,22,0,3,3
3,493,0,3,3
3,341,0,3,3
3,165,0,3,3
4,74,0,3,3
4,412,0,3,3
4,6,0,3,3
4,404,0,3,3
4,424,0,3,3
4,386,0,3,3
4,69,0,3,3
4,227,0,3,3
4,61,0,3,3
5,200,0,0,0
5,487,0,0,0
5,181,0,0,0
5,455,0,0,0
5,350,0,0,0
5,253,0,0,0
5,236,0,0,0
5,134,0,0,0
5,174,0,0,0
5,436,0,0,0
5,322,0,0,0
5,444,0,0,0
5,325,0,0,0
5,117,0,0,0
5,326,0,0,0
5,453,0,0,0
6,293,0,3,0
6,413,0,3,3
6,30,0,3,1
6,206,0,3,2
6,74,0,3,3
6,265,0,3,3
6,412,0,3,3
6,208,0,3,1
6,14,0,3,3
6,215,0,3,3
6,180,0,3,3
6,8,0,3,3
6,470,0,3,3
6,52,0,3,3
6,415,0,3,3
6,404,0,3,3
6,472,0,3,3
6,459,0,3,2
6,221,0,3,3
6,45,0,3,1
6,78,0,3,3
6,450,0,3,3
6,386,0,3,3
6,69,0,3,3
6,256,0,3,3
6,463,0,3,3
6,366,0,3,3
6,269,0,3,0
6,443,0,3,3
6,368,0,3,0
6,249,0,3,1
6,401,0,3,0
6,427,0,3,3
6,139,0,3,3
6,227,0,3,3
6,348,0,3,3
6,29,0,3,3
6,370,0,3,3
6,22,0,3,3
6,493,0,3,3
6,447,0,3,3
6,350,0,3,0
6,473,0,3,3
6,385,0,3,3
6,244,0,3,3
6,165,0,3,3
6,156,0,3,3
8,413,0,3,3
8,265,0,3,3
8,412,0,3,3
8,197,0,3,2
8,427,0,3,3
8,29,0,3,3
8,223,0,3,3
8,424,0,3,3
8,221,0,3,3
8,463,0,3,3
8,386,0,3,3
8,366,0,3,3
8,214,0,3,3
8,227,0,3,3
8,139,0,3,3
8,64,0,3,3
8,447,0,3,3
8,493,0,3,3
8,473,0,3,3
10,30,0,1,1
10,301,0,1,1
10,208,0,1,1
10,249,0,1,1
10,45,0,1,1
10,324,0,1,1
10,175,0,1,1
10,37,0,1,1
10,454,0,1,1
10,18,0,1,2
12,200,0,0,0
12,32,0,0,0
12,68,0,0,0
12,269,0,0,0
12,105,0,0,0
12,222,0,0,0
12,236,0,0,0
12,474,0,0,0
12,171,0,0,0
12,421,0,0,0
12,190,0,0,0
12,274,0,0,0
14,410,0,3,0
14,493,0,3,3
14,341,0,3,3
14,450,0,3,3
14,139,0,3,3
14,366,0,3,3
16,293,0,0,0
16,266,0,0,0
16,275,0,0,0
16,68,0,0,0
16,455,0,0,0
16,240,0,0,0
16,444,0,0,0
16,325,0,0,0
16,474,0,0,0
18,330,0,2,2
18,459,0,2,2
18,283,0,2,2
18,147,0,2,2
19,330,0,2,2
19,72,0,2,2
19,402,0,2,2
19,197,0,2,2
19,459,0,2,2
19,147,0,2,2
19,311,0,2,2
19,170,0,2,2
19,272,0,2,2
19,178,0,2,2
19,55,0,2,2
22,413,0,3,3
22,265,0,3,3
22,412,0,3,3
22,404,0,3,3
22,427,0,3,3
22,156,0,3,3
22,386,0,3,3
22,493,0,3,3
22,366,0,3,3
22,165,0,3,3
22,64,0,3,3
22,472,0,3,3
22,221,0,3,3
22,227,0,3,3
22,139,0,3,3
22,42,0,3,0
22,385,0,3,3
26,32,0,0,0
26,181,0,0,0
26,199,0,0,0
26,455,0,0,0
26,343,0,0,0
26,459,0,0,2
29,413,0,3,3
29,487,0,3,0
29,52,0,3,3
29,261,0,3,0
30,37,0,1,1
30,301,0,1,1
30,455,0,1,0
30,83,0,1,1
30,327,0,1,1
30,186,0,1,1
30,208,0,1,1
30,188,0,1,1
30,175,0,1,1
30,45,0,1,1
30,287,0,1,1
30,452,0,1,1
30,212,0,1,0
30,454,0,1,1
30,324,0,1,1
30,194,0,1,1
30,249,0,1,1
30,161,0,1,1
30,119,0,1,1
30,200,0,1,0
30,266,0,1,0
32,293,0,0,0
32,413,0,0,3
32,266,0,0,0
32,125,0,0,0
32,241,0,0,0
32,402,0,0,2
32,98,0,0,0
32,275,0,0,0
32,410,0,0,0
32,479,0,0,0
32,455,0,0,0
32,261,0,0,0
32,131,0,0,0
32,439,0,0,0
32,278,0,0,0
32,322,0,0,0
32,421,0,0,0
32,247,0,0,0
32,137,0,0,0
32,401,0,0,0
32,337,0,0,0
32,207,0,0,0
32,240,0,0,0
32,425,0,0,0
32,436,0,0,0
32,253,0,0,0
32,222,0,0,0
32,429,0,0,0
32,321,0,0,0
35,200,0,0,0
35,199,0,0,0
35,455,0,0,0
35,322,0,0,0
35,444,0,0,0
35,279,0,0,0
35,479,0,0,0
37,208,0,1,1
37,249,0,1,1
37,119,0,1,1
37,45,0,1,1
37,175,0,1,1
37,267,0,1,2
37,161,0,1,1
40,330,0,2,2
40,197,0,2,2
40,229,0,2,2
40,272,0,2,2
42,200,0,0,0
42,241,0,0,0
42,98,0,0,0
42,275,0,0,0
42,487,0,0,0
42,410,0,0,0
42,199,0,0,0
42,455,0,0,0
42,96,0,0,0
42,478,0,0,0
42,350,0,0,0
42,105,0,0,0
42,374,0,0,0
42,261,0,0,0
42,401,0,0,0
42,120,0,0,0
42,368,0,0,0
42,321,0,0,0
42,436,0,0,0
42,461,0,0,0
42,474,0,0,0
42,171,0,0,0
42,117,0,0,0
42,497,0,0,0
42,149,0,0,0
42,439,0,0,0
42,337,0,0,0
42,425,0,0,0
42,453,0,0,0
42,233,0,0,0
42,407,0,0,0
42,90,0,0,0
42,486,0,0,0
44,193,0,0,0
44,266,0,0,0
44,98,0,0,0
44,275,0,0,0
44,199,0,0,0
44,68,0,0,0
44,269,0,0,0
44,105,0,0,0
44,261,0,0,0
44,461,0,0,0
44,444,0,0,0
44,396,0,0,0
44,278,0,0,0
44,85,0,0,0
44,233,0,0,0
44,207,0,0,0
45,301,0,1,1
45,208,0,1,1
45,249,0,1,1
45,327,0,1,1
45,119,0,1,1
45,222,0,1,0
45,83,0,1,1
45,186,0,1,1
45,87,0,1,2
45,188,0,1,1
45,175,0,1,1
45,452,0,1,1
45,287,0,1,1
45,324,0,1,1
45,73,0,1,0
45,161,0,1,1
47,330,0,2,2
47,72,0,2,2
47,293,0,2,0
47,197,0,2,2
47,459,0,2,2
47,229,0,2,2
47,449,0,2,2
47,267,0,2,2
47,198,0,2,2
47,87,0,2,2
47,191,0,2,2
47,170,0,2,2
47,311,0,2,2
52,412,0,3,3
52,404,0,3,3
52,427,0,3,3
52,359,0,3,0
52,472,0,3,3
52,473,0,3,3
52,61,0,3,3
52,463,0,3,3
52,450,0,3,3
52,341,0,3,3
52,256,0,3,3
52,69,0,3,3
52,64,0,3,3
52,366,0,3,3
52,214,0,3,3
55,330,0,2,2
55,459,0,2,2
55,289,0,2,2
55,267,0,2,2
55,170,0,2,2
55,272,0,2,2
61,413,0,3,3
61,427,0,3,3
61,348,0,3,3
61,424,0,3,3
61,256,0,3,3
61,493,0,3,3
61,215,0,3,3
61,300,0,3,3
61,370,0,3,3
64,265,0,3,3
64,412,0,3,3
64,424,0,3,3
64,493,0,3,3
64,165,0,3,3
64,300,0,3,3
64,92,0,3,3
64,473,0,3,3
64,436,0,3,0
68,193,0,0,0
68,200,0,0,0
68,479,0,0,0
68,455,0,0,0
68,105,0,0,0
68,96,0,0,0
68,371,0,0,0
68,120,0,0,0
68,428,0,0,0
68,170,0,0,2
68,368,0,0,0
68,117,0,0,0
68,273,0,0,0
68,350,0,0,0
68,222,0,0,0
68,444,0,0,0
68,420,0,0,0
68,81,0,0,0
69,404,0,3,3
69,427,0,3,3
69,348,0,3,3
69,223,0,3,3
69,366,0,3,3
69,214,0,3,3
69,385,0,3,3
69,370,0,3,3
72,330,0,2,2
72,272,0,2,2
72,229,0,2,2
72,87,0,2,2
72,459,0,2,2
72,449,0,2,2
72,170,0,2,2
72,178,0,2,2
72,147,0,2,2
72,206,0,2,2
72,197,0,2,2
72,181,0,2,0
72,311,0,2,2
72,342,0,2,2
72,264,0,2,2
73,236,0,0,0
73,240,0,0,0
73,474,0,0,0
73,479,0,0,0
73,149,0,0,0
74,413,0,3,3
74,447,0,3,3
74,227,0,3,3
74,463,0,3,3
74,412,0,3,3
74,139,0,3,3
74,214,0,3,3
78,412,0,3,3
78,427,0,3,3
78,156,0,3,3
78,450,0,3,3
78,165,0,3,3
78,470,0,3,3
81,410,0,0,0
81,199,0,0,0
81,455,0,0,0
81,459,0,0,2
81,253,0,0,0
81,395,0,0,0
81,247,0,0,0
81,393,0,0,0
81,479,0,0,0
81,194,0,0,1
81,325,0,0,0
81,233,0,0,0
81,117,0,0,0
81,278,0,0,0
81,425,0,0,0
83,249,0,1,1
83,175,0,1,1
85,193,0,0,0
85,410,0,0,0
85,222,0,0,0
85,479,0,0,0
85,337,0,0,0
87,330,0,2,2
87,208,0,2,1
87,197,0,2,2
87,459,0,2,2
87,229,0,2,2
87,170,0,2,2
87,178,0,2,2
90,393,0,0,0
90,436,0,0,0
90,474,0,0,0
90,479,0,0,0
90,274,0,0,0
92,413,0,3,3
92,404,0,3,3
92,427,0,3,3
92,447,0,3,3
92,463,0,3,3
92,244,0,3,3
92,221,0,3,3
92,227,0,3,3
96,200,0,0,0
96,241,0,0,0
96,98,0,0,0
96,316,0,0,0
96,275,0,0,0
96,410,0,0,0
96,199,0,0,0
96,455,0,0,0
96,269,0,0,0
96,479,0,0,0
96,466,0,0,0
96,336,0,0,0
96,105,0,0,0
96,261,0,0,0
96,131,0,0,0
96,371,0,0,0
96,395,0,0,0
96,474,0,0,0
96,428,0,0,0
96,278,0,0,0
96,421,0,0,0
96,368,0,0,0
96,240,0,0,0
96,425,0,0,0
96,436,0,0,0
96,253,0,0,0
96,449,0,0,2
96,222,0,0,0
96,453,0,0,0
96,429,0,0,0
98,293,0,0,0
98,125,0,0,0
98,241,0,0,0
98,301,0,0,1
98,466,0,0,0
98,105,0,0,0
98,336,0,0,0
98,131,0,0,0
98,371,0,0,0
98,393,0,0,0
98,199,0,0,0
98,428,0,0,0
98,474,0,0,0
98,410,0,0,0
98,487,0,0,0
98,322,0,0,0
98,421,0,0,0
98,401,0,0,0
98,117,0,0,0
98,337,0,0,0
98,240,0,0,0
98,436,0,0,0
98,425,0,0,0
98,326,0,0,0
98,350,0,0,0
98,462,0,0,0
98,275,0,0,0
98,222,0,0,0
98,429,0,0,0
98,444,0,0,0
105,330,0,0,2
105,193,0,0,0
105,200,0,0,0
105,487,0,0,0
105,269,0,0,0
105,478,0,0,0
105,350,0,0,0
105,479,0,0,0
105,336,0,0,0
105,325,0,0,0
105,171,0,0,0
105,393,0,0,0
105,474,0,0,0
105,278,0,0,0
105,135,0,0,0
105,430,0,0,0
105,322,0,0,0
105,236,0,0,0
105,368,0,0,0
105,174,0,0,0
105,117,0,0,0
105,207,0,0,0
105,436,0,0,0
105,425,0,0,0
105,359,0,0,0
105,253,0,0,0
105,222,0,0,0
105,233,0,0,0
105,420,0,0,0
117,293,0,0,0
117,467,0,0,0
117,200,0,0,0
117,241,0,0,0
117,410,0,0,0
117,199,0,0,0
117,131,0,0,0
117,240,0,0,0
117,135,0,0,0
117,322,0,0,0
117,371,0,0,0
117,170,0,0,2
117,474,0,0,0
117,325,0,0,0
117,343,0,0,0
117,479,0,0,0
117,414,0,0,0
119,208,0,1,1
119,249,0,1,1
119,188,0,1,1
119,175,0,1,1
119,186,0,1,1
120,265,0,0,3
120,478,0,0,0
120,457,0,0,0
120,439,0,0,0
120,337,0,0,0
125,326,0,0,0
125,487,0,0,0
125,455,0,0,0
125,423,0,0,0
125,206,0,0,2
131,293,0,0,0
131,200,0,0,0
131,241,0,0,0
131,261,0,0,0
131,223,0,0,3
131,322,0,0,0
131,247,0,0,0
131,479,0,0,0
131,429,0,0,0
131,222,0,0,0
131,425,0,0,0
131,436,0,0,0
134,293,0,0,0
134,199,0,0,0
134,261,0,0,0
134,424,0,0,3
134,203,0,0,0
134,457,0,0,0
134,444,0,0,0
135,420,0,0,0
135,395,0,0,0
135,450,0,0,3
135,172,0,0,0
135,336,0,0,0
136,206,0,2,2
136,197,0,2,2
136,459,0,2,2
136,283,0,2,2
136,311,0,2,2
137,275,0,0,0
137,410,0,0,0
137,199,0,0,0
137,455,0,0,0
137,269,0,0,0
137,428,0,0,0
137,395,0,0,0
137,222,0,0,0
137,401,0,0,0
137,236,0,0,0
137,212,0,0,0
137,326,0,0,0
139,413,0,3,3
139,265,0,3,3
139,412,0,3,3
139,404,0,3,3
139,223,0,3,3
139,424,0,3,3
139,447,0,3,3
139,493,0,3,3
139,214,0,3,3
139,215,0,3,3
139,227,0,3,3
139,300,0,3,3
147,330,0,2,2
147,206,0,2,2
147,197,0,2,2
147,478,0,2,0
147,459,0,2,2
147,267,0,2,2
147,170,0,2,2
147,311,0,2,2
149,455,0,0,0
149,236,0,0,0
149,479,0,0,0
149,421,0,0,0
149,397,0,0,0
156,413,0,3,3
156,412,0,3,3
156,348,0,3,3
156,420,0,3,0
156,447,0,3,3
156,180,0,3,3
156,221,0,3,3
161,208,0,1,1
161,249,0,1,1
161,324,0,1,1
161,175,0,1,1
165,413,0,3,3
165,412,0,3,3
165,427,0,3,3
165,348,0,3,3
165,450,0,3,3
165,447,0,3,3
165,385,0,3,3
165,214,0,3,3
170,330,0,2,2
170,206,0,2,2
170,402,0,2,2
170,342,0,2,2
170,197,0,2,2
170,459,0,2,2
170,264,0,2,2
170,229,0,2,2
170,289,0,2,2
170,449,0,2,2
170,267,0,2,2
170,198,0,2,2
170,311,0,2,2
170,305,0,2,2
170,191,0,2,2
170,435,0,2,2
170,398,0,2,2
171,266,0,0,0
171,206,0,0,2
171,241,0,0,0
171,410,0,0,0
171,181,0,0,0
171,455,0,0,0
171,436,0,0,0
171,474,0,0,0
171,421,0,0,0
171,466,0,0,0
172,199,0,0,0
172,455,0,0,0
172,428,0,0,0
172,322,0,0,0
172,474,0,0,0
174,200,0,0,0
174,266,0,0,0
174,316,0,0,0
174,249,0,0,1
174,199,0,0,0
174,455,0,0,0
174,395,0,0,0
174,222,0,0,0
174,203,0,0,0
174,368,0,0,0
174,425,0,0,0
174,325,0,0,0
174,190,0,0,0
175,301,0,1,1
175,208,0,1,1
175,249,0,1,1
175,327,0,1,1
175,186,0,1,1
175,324,0,1,1
175,194,0,1,1
175,393,0,1,0
175,287,0,1,1
175,452,0,1,1
178,330,0,2,2
178,197,0,2,2
178,267,0,2,2
180,265,0,3,3
180,240,0,3,0
181,293,0,0,0
181,275,0,0,0
181,343,0,0,0
181,322,0,0,0
181,485,0,0,0
181,199,0,0,0
181,457,0,0,0
181,222,0,0,0
181,455,0,0,0
181,278,0,0,0
181,436,0,0,0
186,301,0,1,1
186,208,0,1,1
186,249,0,1,1
186,327,0,1,1
186,212,0,1,0
186,452,0,1,1
188,208,0,1,1
188,249,0,1,1
188,324,0,1,1
190,410,0,0,0
190,359,0,0,0
190,222,0,0,0
190,401,0,0,0
191,402,0,2,2
191,197,0,2,2
191,459,0,2,2
191,229,0,2,2
191,289,0,2,2
191,267,0,2,2
191,311,0,2,2
193,397,0,0,0
193,343,0,0,0
193,393,0,0,0
193,350,0,0,0
193,241,0,0,0
193,199,0,0,0
193,479,0,0,0
193,474,0,0,0
193,293,0,0,0
193,266,0,0,0
193,289,0,0,2
193,240,0,0,0
193,425,0,0,0
194,249,0,1,1
194,199,0,1,0
194,324,0,1,1
197,330,0,2,2
197,206,0,2,2
197,402,0,2,2
197,327,0,2,1
197,424,0,2,3
197,283,0,2,2
197,435,0,2,2
197,272,0,2,2
197,305,0,2,2
197,459,0,2,2
197,428,0,2,0
197,289,0,2,2
197,311,0,2,2
197,267,0,2,2
197,229,0,2,2
197,262,0,2,0
197,198,0,2,2
197,449,0,2,2
198,330,0,2,2
198,206,0,2,2
198,459,0,2,2
198,229,0,2,2
198,289,0,2,2
199,293,0,0,0
199,206,0,0,2
199,275,0,0,0
199,410,0,0,0
199,279,0,0,0
199,371,0,0,0
199,274,0,0,0
199,474,0,0,0
199,439,0,0,0
199,322,0,0,0
199,421,0,0,0
199,401,0,0,0
199,425,0,0,0
199,436,0,0,0
199,359,0,0,0
199,350,0,0,0
199,253,0,0,0
199,374,0,0,0
199,407,0,0,0
199,486,0,0,0
199,453,0,0,0
199,396,0,0,0
199,222,0,0,0
200,467,0,0,0
200,497,0,0,0
200,279,0,0,0
200,389,0,0,0
200,479,0,0,0
200,466,0,0,0
200,455,0,0,0
200,487,0,0,0
200,322,0,0,0
200,478,0,0,0
200,421,0,0,0
200,368,0,0,0
200,207,0,0,0
200,425,0,0,0
200,273,0,0,0
200,414,0,0,0
200,350,0,0,0
200,462,0,0,0
200,222,0,0,0
200,444,0,0,0
203,412,0,0,3
203,316,0,0,0
203,222,0,0,0
203,474,0,0,0
206,330,0,2,2
206,359,0,2,0
206,229,0,2,2
206,267,0,2,2
206,272,0,2,2
206,459,0,2,2
206,449,0,2,2
206,311,0,2,2
207,487,0,0,0
207,410,0,0,0
207,350,0,0,0
207,466,0,0,0
208,454,0,1,1
208,249,0,1,1
208,324,0,1,1
208,342,0,1,2
208,452,0,1,1
212,275,0,0,0
212,410,0,0,0
214,413,0,3,3
214,412,0,3,3
214,427,0,3,3
214,450,0,3,3
214,215,0,3,3
214,463,0,3,3
215,330,0,3,2
215,413,0,3,3
215,412,0,3,3
215,427,0,3,3
215,472,0,3,3
215,227,0,3,3
215,370,0,3,3
220,275,0,0,0
221,265,0,3,3
221,427,0,3,3
221,366,0,3,3
221,227,0,3,3
222,330,0,0,2
222,467,0,0,0
222,241,0,0,0
222,316,0,0,0
222,455,0,0,0
222,269,0,0,0
222,478,0,0,0
222,429,0,0,0
222,253,0,0,0
222,423,0,0,0
222,343,0,0,0
222,279,0,0,0
222,457,0,0,0
222,479,0,0,0
222,466,0,0,0
222,336,0,0,0
222,325,0,0,0
222,397,0,0,0
222,430,0,0,0
222,322,0,0,0
222,236,0,0,0
222,247,0,0,0
222,401,0,0,0
222,337,0,0,0
222,240,0,0,0
222,436,0,0,0
222,273,0,0,0
222,326,0,0,0
222,262,0,0,0
222,462,0,0,0
222,396,0,0,0
222,453,0,0,0
222,444,0,0,0
223,265,0,3,3
223,412,0,3,3
223,404,0,3,3
223,227,0,3,3
223,370,0,3,3
223,424,0,3,3
227,413,0,3,3
227,412,0,3,3
227,415,0,3,3
227,450,0,3,3
227,256,0,3,3
227,493,0,3,3
227,366,0,3,3
227,463,0,3,3
227,341,0,3,3
229,330,0,2,2
229,402,0,2,2
229,249,0,2,1
229,459,0,2,2
229,264,0,2,2
229,283,0,2,2
229,446,0,2,2
229,272,0,2,2
229,305,0,2,2
229,289,0,2,2
229,311,0,2,2
229,267,0,2,2
229,247,0,2,0
229,398,0,2,2
233,455,0,0,0
233,420,0,0,0
233,236,0,0,0
233,371,0,0,0
233,430,0,0,0
236,293,0,0,0
236,455,0,0,0
236,269,0,0,0
236,359,0,0,0
236,429,0,0,0
236,343,0,0,0
236,322,0,0,0
236,368,0,0,0
236,444,0,0,0
236,264,0,0,2
240,293,0,0,0
240,467,0,0,0
240,487,0,0,0
240,410,0,0,0
240,269,0,0,0
240,459,0,0,2
240,420,0,0,0
240,429,0,0,0
240,395,0,0,0
240,324,0,0,1
240,497,0,0,0
240,325,0,0,0
240,393,0,0,0
240,274,0,0,0
240,474,0,0,0
240,461,0,0,0
240,425,0,0,0
240,262,0,0,0
240,444,0,0,0
241,265,0,0,3
241,455,0,0,0
241,316,0,0,0
241,371,0,0,0
241,393,0,0,0
241,410,0,0,0
241,487,0,0,0
241,348,0,0,3
241,425,0,0,0
241,436,0,0,0
241,414,0,0,0
241,275,0,0,0
241,407,0,0,0
241,429,0,0,0
244,413,0,3,3
244,265,0,3,3
244,412,0,3,3
244,404,0,3,3
244,450,0,3,3
244,493,0,3,3
244,341,0,3,3
247,497,0,0,0
247,262,0,0,0
247,499,0,0,0
247,479,0,0,0
247,436,0,0,0
248,256,0,0,3
248,430,0,0,0
248,497,0,0,0
249,301,0,1,1
249,261,0,1,0
249,327,0,1,1
249,404,0,1,3
249,395,0,1,0
249,452,0,1,1
249,443,0,1,3
249,324,0,1,1
249,454,0,1,1
249,348,0,1,3
249,449,0,1,2
253,275,0,0,0
253,455,0,0,0
253,429,0,0,0
253,326,0,0,0
253,474,0,0,0
256,413,0,3,3
256,265,0,3,3
256,412,0,3,3
256,427,0,3,3
256,348,0,3,3
256,415,0,3,3
256,300,0,3,3
256,463,0,3,3
256,386,0,3,3
261,455,0,0,0
261,478,0,0,0
261,457,0,0,0
261,479,0,0,0
261,486,0,0,0
261,336,0,0,0
262,455,0,0,0
262,336,0,0,0
262,444,0,0,0
262,474,0,0,0
262,421,0,0,0
264,330,0,2,2
264,311,0,2,2
265,413,0,3,3
265,455,0,3,0
265,470,0,3,3
265,404,0,3,3
265,463,0,3,3
265,450,0,3,3
265,300,0,3,3
265,412,0,3,3
265,348,0,3,3
265,473,0,3,3
265,341,0,3,3
266,413,0,0,3
266,350,0,0,0
266,275,0,0,0
266,479,0,0,0
266,455,0,0,0
266,474,0,0,0
266,444,0,0,0
267,330,0,2,2
267,402,0,2,2
267,459,0,2,2
267,449,0,2,2
267,386,0,2,3
267,272,0,2,2
267,311,0,2,2
267,398,0,2,2
269,455,0,0,0
269,479,0,0,0
269,371,0,0,0
269,474,0,0,0
269,427,0,0,3
269,425,0,0,0
269,436,0,0,0
269,326,0,0,0
269,453,0,0,0
272,330,0,2,2
272,459,0,2,2
272,283,0,2,2
272,311,0,2,2
272,435,0,2,2
273,410,0,0,0
273,322,0,0,0
273,425,0,0,0
273,421,0,0,0
274,293,0,0,0
274,410,0,0,0
274,359,0,0,0
274,436,0,0,0
275,316,0,0,0
275,479,0,0,0
275,423,0,0,0
275,425,0,0,0
275,350,0,0,0
275,444,0,0,0
278,293,0,0,0
278,455,0,0,0
278,421,0,0,0
279,455,0,0,0
279,474,0,0,0
283,342,0,2,2
283,289,0,2,2
283,368,0,2,0
287,454,0,1,1
289,330,0,2,2
289,459,0,2,2
289,305,0,2,2
293,455,0,0,0
293,410,0,0,0
293,359,0,0,0
293,462,0,0,0
293,407,0,0,0
293,429,0,0,0
293,444,0,0,0
300,413,0,3,3
300,412,0,3,3
300,415,0,3,3
300,450,0,3,3
301,452,0,1,1
305,330,0,2,2
305,350,0,2,0
305,459,0,2,2
305,311,0,2,2
311,330,0,2,2
311,455,0,2,0
311,459,0,2,2
311,449,0,2,2
311,446,0,2,2
316,462,0,0,0
316,457,0,0,0
316,337,0,0,0
321,410,0,0,0
321,455,0,0,0
321,350,0,0,0
321,444,0,0,0
322,455,0,0,0
322,368,0,0,0
322,436,0,0,0
322,461,0,0,0
322,325,0,0,0
322,466,0,0,0
322,439,0,0,0
322,421,0,0,0
322,396,0,0,0
324,327,0,1,1
324,449,0,1,2
325,455,0,0,0
325,444,0,0,0
325,474,0,0,0
325,466,0,0,0
326,420,0,0,0
326,436,0,0,0
330,402,0,2,2
330,435,0,2,2
330,446,0,2,2
330,459,0,2,2
330,342,0,2,2
330,449,0,2,2
330,420,0,2,0
336,455,0,0,0
336,404,0,0,3
336,350,0,0,0
336,397,0,0,0
336,430,0,0,0
336,389,0,0,0
336,479,0,0,0
336,474,0,0,0
337,359,0,0,0
337,429,0,0,0
337,436,0,0,0
341,413,0,3,3
341,427,0,3,3
342,459,0,2,2
342,446,0,2,2
343,479,0,0,0
348,413,0,3,3
348,427,0,3,3
348,493,0,3,3
348,443,0,3,3
348,370,0,3,3
348,415,0,3,3
348,470,0,3,3
350,467,0,0,0
350,410,0,0,0
350,479,0,0,0
350,474,0,0,0
350,430,0,0,0
350,421,0,0,0
350,436,0,0,0
350,425,0,0,0
350,414,0,0,0
350,462,0,0,0
350,429,0,0,0
350,444,0,0,0
359,455,0,0,0
359,474,0,0,0
359,429,0,0,0
366,413,0,3,3
366,412,0,3,3
366,404,0,3,3
366,427,0,3,3
366,415,0,3,3
366,473,0,3,3
366,463,0,3,3
366,470,0,3,3
366,370,0,3,3
368,410,0,0,0
368,478,0,0,0
368,474,0,0,0
370,412,0,3,3
370,404,0,3,3
370,427,0,3,3
370,450,0,3,3
370,386,0,3,3
370,470,0,3,3
370,385,0,3,3
371,410,0,0,0
371,436,0,0,0
371,430,0,0,0
371,485,0,0,0
371,421,0,0,0
371,479,0,0,0
371,474,0,0,0
371,396,0,0,0
371,486,0,0,0
371,444,0,0,0
374,485,0,0,0
374,499,0,0,0
374,421,0,0,0
374,428,0,0,0
374,425,0,0,0
385,412,0,3,3
385,404,0,3,3
385,472,0,3,3
386,412,0,3,3
386,427,0,3,3
389,410,0,0,0
389,485,0,0,0
389,425,0,0,0
393,410,0,0,0
393,474,0,0,0
393,439,0,0,0
393,479,0,0,0
393,444,0,0,0
395,487,0,0,0
395,455,0,0,0
395,447,0,0,3
395,421,0,0,0
401,478,0,0,0
401,457,0,0,0
401,436,0,0,0
402,412,0,2,3
404,413,0,3,3
404,415,0,3,3
404,443,0,3,3
404,427,0,3,3
404,493,0,3,3
404,473,0,3,3
410,497,0,0,0
410,455,0,0,0
410,439,0,0,0
410,496,0,0,0
410,436,0,0,0
410,429,0,0,0
410,486,0,0,0
410,444,0,0,0
412,413,0,3,3
412,472,0,3,3
412,463,0,3,3
412,450,0,3,3
412,427,0,3,3
412,447,0,3,3
412,493,0,3,3
413,467,0,3,0
413,424,0,3,3
413,463,0,3,3
413,427,0,3,3
413,493,0,3,3
413,447,0,3,3
414,457,0,0,0
414,479,0,0,0
414,466,0,0,0
415,427,0,3,3
415,429,0,3,0
415,443,0,3,3
420,455,0,0,0
420,439,0,0,0
421,474,0,0,0
421,479,0,0,0
421,466,0,0,0
423,487,0,0,0
423,424,0,0,3
424,427,0,3,3
424,473,0,3,3
425,455,0,0,0
425,478,0,0,0
425,479,0,0,0
425,453,0,0,0
425,486,0,0,0
427,487,0,3,0
427,450,0,3,3
429,455,0,0,0
429,479,0,0,0
429,474,0,0,0
429,436,0,0,0
436,467,0,0,0
436,455,0,0,0
436,497,0,0,0
436,479,0,0,0
436,485,0,0,0
436,473,0,0,3
439,444,0,0,0
439,453,0,0,0
444,487,0,0,0
444,455,0,0,0
444,462,0,0,0
444,473,0,0,3
444,479,0,0,0
444,474,0,0,0
447,463,0,3,3
449,459,0,2,2
450,470,0,3,3
453,461,0,0,0
455,487,0,0,0
455,499,0,0,0
455,474,0,0,0
455,478,0,0,0
455,462,0,0,0
457,493,0,0,3
457,474,0,0,0
466,474,0,0,0
466,485,0,0,0
466,499,0,0,0
472,473,0,3,3
473,493,0,3,3
474,487,0,0,0
474,499,0,0,0
474,479,0,0,0
474,485,0,0,0
474,486,0,0,0
479,499,0,0,0
485,499,0,0,0
487,499,0,0,0
3,299,1,3,3
3,176,1,3,3
3,106,1,3,3
3,336,1,3,3
3,228,1,3,3
3,327,1,3,3
3,290,1,3,3
3,227,1,3,3
3,190,1,3,3
3,142,1,3,3
3,206,1,3,3
3,53,1,3,3
3,376,1,3,3
3,463,1,3,3
3,461,1,3,3
3,473,1,3,3
3,366,1,3,3
260,409,1,1,1
260,74,1,1,1
260,53,1,1,3
6,462,1,1,1
6,33,1,1,1
6,325,1,1,1
6,324,1,1,1
6,378,1,1,1
6,8,1,1,1
6,264,1,1,1
6,125,1,1,1
6,443,1,1,3
6,74,1,1,1
6,41,1,1,1
6,182,1,1,1
6,145,1,1,1
6,360,1,1,1
6,153,1,1,1
8,325,1,1,1
8,324,1,1,1
8,423,1,1,1
8,336,1,1,3
8,182,1,1,1
8,74,1,1,1
8,96,1,1,1
8,227,1,1,3
8,293,1,1,0
8,360,1,1,1
8,218,1,1,1
8,488,1,1,1
8,409,1,1,1
8,125,1,1,1
8,300,1,1,1
8,246,1,1,1
8,494,1,1,1
264,325,1,1,1
264,378,1,1,1
264,423,1,1,1
264,337,1,1,1
264,275,1,1,1
264,327,1,1,3
264,360,1,1,1
264,96,1,1,1
264,74,1,1,1
264,490,1,1,1
264,165,1,1,1
264,393,1,1,1
264,125,1,1,1
264,300,1,1,1
10,176,1,3,3
10,336,1,3,3
10,290,1,3,3
10,479,1,3,3
10,181,1,3,3
10,191,1,3,3
10,139,1,3,3
10,366,1,3,3
12,378,1,3,1
12,106,1,3,3
12,479,1,3,3
12,227,1,3,3
12,290,1,3,3
12,376,1,3,3
12,379,1,3,3
270,117,1,0,0
270,497,1,0,0
270,135,1,0,0
270,371,1,0,0
270,343,1,0,3
270,199,1,0,3
270,58,1,0,0
270,23,1,0,0
270,188,1,0,0
270,214,1,0,0
270,485,1,0,0
270,146,1,0,0
270,487,1,0,0
270,291,1,0,0
270,315,1,0,0
270,196,1,0,0
270,499,1,0,0
270,17,1,0,0
270,314,1,0,0
270,349,1,0,0
270,30,1,0,3
270,450,1,0,0
17,117,1,0,0
17,497,1,0,0
17,386,1,0,0
17,365,1,0,0
17,381,1,0,0
17,315,1,0,0
17,485,1,0,0
17,450,1,0,0
17,214,1,0,0
17,291,1,0,0
17,247,1,0,0
17,238,1,0,0
17,293,1,0,0
17,196,1,0,0
17,385,1,0,0
17,387,1,0,0
17,83,1,0,3
17,373,1,0,0
17,175,1,0,0
19,57,1,3,3
19,176,1,3,3
19,473,1,3,3
19,47,1,3,3
19,348,1,3,3
19,463,1,3,3
19,345,1,3,3
19,366,1,3,3
19,115,1,3,3
19,199,1,3,3
19,245,1,3,3
19,461,1,3,3
19,290,1,3,3
19,191,1,3,3
19,378,1,3,1
19,142,1,3,3
19,336,1,3,3
275,378,1,1,1
275,42,1,1,1
275,423,1,1,1
275,125,1,1,1
275,360,1,1,1
275,96,1,1,1
275,218,1,1,1
276,299,1,3,3
276,57,1,3,3
276,106,1,3,3
276,463,1,3,3
276,227,1,3,3
276,366,1,3,3
276,228,1,3,3
276,245,1,3,3
276,181,1,3,3
276,290,1,3,3
276,137,1,3,3
276,42,1,3,1
276,336,1,3,3
278,168,1,1,2
278,423,1,1,1
278,125,1,1,1
278,360,1,1,1
278,182,1,1,1
278,145,1,1,1
278,337,1,1,1
278,393,1,1,1
23,497,1,0,0
23,386,1,0,0
23,135,1,0,0
23,365,1,0,0
23,439,1,0,0
23,214,1,0,0
23,291,1,0,0
23,318,1,0,0
23,368,1,0,0
285,497,1,3,0
285,290,1,3,3
285,181,1,3,3
285,191,1,3,3
285,139,1,3,3
285,463,1,3,3
285,30,1,3,3
30,429,1,3,3
30,299,1,3,3
30,57,1,3,3
30,176,1,3,3
30,106,1,3,3
30,336,1,3,3
30,343,1,3,3
30,228,1,3,3
30,327,1,3,3
30,496,1,3,3
30,181,1,3,3
30,308,1,3,3
30,137,1,3,3
30,139,1,3,3
30,463,1,3,3
30,44,1,3,3
30,398,1,3,3
30,153,1,3,1
30,461,1,3,3
33,182,1,1,1
33,171,1,1,1
33,74,1,1,1
33,325,1,1,1
33,218,1,1,1
33,153,1,1,1
33,300,1,1,1
33,165,1,1,1
290,336,1,3,3
290,245,1,3,3
290,227,1,3,3
290,366,1,3,3
290,496,1,3,3
290,479,1,3,3
290,376,1,3,3
291,117,1,0,0
291,497,1,0,0
291,386,1,0,0
291,135,1,0,0
291,450,1,0,0
291,342,1,0,0
291,318,1,0,0
291,58,1,0,0
291,387,1,0,0
291,319,1,0,0
291,188,1,0,0
291,110,1,0,0
291,247,1,0,0
291,487,1,0,0
291,368,1,0,0
293,117,1,0,0
293,497,1,0,0
293,386,1,0,0
293,215,1,0,0
293,371,1,0,0
293,315,1,0,0
293,485,1,0,0
293,439,1,0,0
293,214,1,0,0
293,373,1,0,0
293,188,1,0,0
293,318,1,0,0
293,146,1,0,0
293,368,1,0,0
293,196,1,0,0
293,385,1,0,0
293,387,1,0,0
293,175,1,0,0
41,325,1,1,1
41,42,1,1,1
41,423,1,1,1
41,74,1,1,1
41,449,1,1,2
41,153,1,1,1
42,462,1,1,1
42,299,1,1,3
42,96,1,1,1
42,145,1,1,1
42,74,1,1,1
42,409,1,1,1
42,125,1,1,1
299,199,1,3,3
299,463,1,3,3
299,366,1,3,3
299,190,1,3,3
299,496,1,3,3
299,443,1,3,3
299,106,1,3,3
299,348,1,3,3
299,139,1,3,3
299,227,1,3,3
299,53,1,3,3
299,176,1,3,3
299,57,1,3,3
299,44,1,3,3
299,308,1,3,3
299,48,1,3,3
299,477,1,3,3
299,343,1,3,3
299,389,1,3,0
299,376,1,3,3
299,336,1,3,3
299,479,1,3,3
299,228,1,3,3
299,461,1,3,3
44,429,1,3,3
44,57,1,3,3
44,370,1,3,3
44,327,1,3,3
44,190,1,3,3
44,496,1,3,3
44,53,1,3,3
44,398,1,3,3
44,379,1,3,3
300,325,1,1,1
300,324,1,1,1
300,378,1,1,1
300,125,1,1,1
300,488,1,1,1
300,409,1,1,1
300,165,1,1,1
300,360,1,1,1
300,337,1,1,1
300,96,1,1,1
300,218,1,1,1
300,494,1,1,1
47,336,1,3,3
47,228,1,3,3
47,227,1,3,3
47,142,1,3,3
47,139,1,3,3
47,312,1,3,3
303,168,1,2,2
303,220,1,2,2
303,117,1,2,0
303,61,1,2,2
303,449,1,2,2
303,445,1,2,2
48,429,1,3,3
48,370,1,3,3
48,327,1,3,3
48,190,1,3,3
48,479,1,3,3
48,182,1,3,1
48,398,1,3,3
48,136,1,3,3
48,137,1,3,3
50,389,1,0,0
50,117,1,0,0
50,497,1,0,0
50,365,1,0,0
50,439,1,0,0
50,214,1,0,0
50,145,1,0,1
307,168,1,2,2
307,420,1,2,2
308,336,1,3,3
308,228,1,3,3
308,453,1,3,3
308,199,1,3,3
308,137,1,3,3
308,379,1,3,3
53,176,1,3,3
53,228,1,3,3
53,496,1,3,3
53,83,1,3,3
53,137,1,3,3
53,139,1,3,3
53,477,1,3,3
53,379,1,3,3
312,228,1,3,3
312,376,1,3,3
312,136,1,3,3
57,199,1,3,3
57,463,1,3,3
57,366,1,3,3
57,190,1,3,3
57,181,1,3,3
57,115,1,3,3
57,139,1,3,3
57,370,1,3,3
57,227,1,3,3
57,461,1,3,3
57,176,1,3,3
57,398,1,3,3
57,453,1,3,3
57,477,1,3,3
57,191,1,3,3
57,336,1,3,3
57,479,1,3,3
57,228,1,3,3
57,450,1,3,0
314,497,1,0,0
314,386,1,0,0
314,439,1,0,0
314,214,1,0,0
314,385,1,0,0
314,319,1,0,0
315,497,1,0,0
315,386,1,0,0
315,381,1,0,0
315,247,1,0,0
315,204,1,0,0
315,327,1,0,3
315,318,1,0,0
315,319,1,0,0
315,411,1,0,0
315,349,1,0,0
315,214,1,0,0
315,485,1,0,0
315,196,1,0,0
58,497,1,0,0
58,371,1,0,0
58,381,1,0,0
58,110,1,0,0
58,354,1,0,0
58,247,1,0,0
58,104,1,0,0
58,238,1,0,0
61,168,1,2,2
61,220,1,2,2
61,370,1,2,3
61,445,1,2,2
61,420,1,2,2
61,449,1,2,2
62,462,1,1,1
62,246,1,1,1
319,497,1,0,0
319,386,1,0,0
319,485,1,0,0
319,439,1,0,0
319,196,1,0,0
319,95,1,0,0
319,238,1,0,0
318,497,1,0,0
318,386,1,0,0
318,215,1,0,0
318,135,1,0,0
318,485,1,0,0
318,373,1,0,0
318,354,1,0,0
318,175,1,0,0
318,247,1,0,0
318,342,1,0,0
318,188,1,0,0
318,104,1,0,0
318,95,1,0,0
318,385,1,0,0
324,497,1,1,0
324,74,1,1,1
324,490,1,1,1
324,360,1,1,1
324,125,1,1,1
324,378,1,1,1
324,246,1,1,1
325,462,1,1,1
325,182,1,1,1
325,490,1,1,1
325,360,1,1,1
325,409,1,1,1
325,125,1,1,1
325,378,1,1,1
325,153,1,1,1
325,488,1,1,1
327,336,1,3,3
327,228,1,3,3
74,462,1,1,1
74,378,1,1,1
74,125,1,1,1
74,227,1,1,3
74,171,1,1,1
74,458,1,1,1
74,145,1,1,1
74,246,1,1,1
74,182,1,1,1
74,96,1,1,1
74,490,1,1,1
74,373,1,1,0
336,176,1,3,3
336,463,1,3,3
336,366,1,3,3
336,190,1,3,3
336,181,1,3,3
336,115,1,3,3
336,137,1,3,3
336,348,1,3,3
336,139,1,3,3
336,227,1,3,3
336,477,1,3,3
336,376,1,3,3
336,479,1,3,3
336,206,1,3,3
336,481,1,3,0
336,228,1,3,3
336,406,1,3,3
336,142,1,3,3
336,461,1,3,3
81,168,1,2,2
81,497,1,2,0
81,395,1,2,2
81,445,1,2,2
81,420,1,2,2
81,449,1,2,2
337,423,1,1,1
337,360,1,1,1
337,145,1,1,1
337,218,1,1,1
83,228,1,3,3
83,496,1,3,3
83,199,1,3,3
83,206,1,3,3
83,139,1,3,3
83,461,1,3,3
342,497,1,0,0
342,450,1,0,0
342,387,1,0,0
342,489,1,0,0
342,204,1,0,0
342,368,1,0,0
343,139,1,3,3
343,227,1,3,3
343,366,1,3,3
343,142,1,3,3
343,461,1,3,3
345,370,1,3,3
345,496,1,3,3
345,181,1,3,3
345,376,1,3,3
345,136,1,3,3
348,228,1,3,3
348,245,1,3,3
348,227,1,3,3
348,479,1,3,3
348,453,1,3,3
348,181,1,3,3
348,115,1,3,3
348,366,1,3,3
348,461,1,3,3
349,365,1,0,0
349,229,1,0,0
349,481,1,0,0
349,499,1,0,0
349,214,1,0,0
349,443,1,0,3
349,439,1,0,0
95,117,1,0,0
95,386,1,0,0
95,135,1,0,0
95,381,1,0,0
95,485,1,0,0
95,439,1,0,0
95,387,1,0,0
95,385,1,0,0
96,462,1,1,1
96,378,1,1,1
96,423,1,1,1
96,125,1,1,1
96,409,1,1,1
96,171,1,1,1
96,360,1,1,1
96,490,1,1,1
96,393,1,1,1
354,389,1,0,0
354,117,1,0,0
354,497,1,0,0
354,386,1,0,0
354,215,1,0,0
354,135,1,0,0
354,371,1,0,0
354,181,1,0,3
354,481,1,0,0
354,385,1,0,0
354,499,1,0,0
104,168,1,0,2
104,497,1,0,0
104,485,1,0,0
104,489,1,0,0
104,411,1,0,0
360,462,1,1,1
360,378,1,1,1
360,423,1,1,1
360,125,1,1,1
360,488,1,1,1
360,458,1,1,1
360,218,1,1,1
360,153,1,1,1
106,365,1,3,0
106,227,1,3,3
106,496,1,3,3
106,366,1,3,3
106,228,1,3,3
106,444,1,3,3
106,191,1,3,3
364,228,1,3,3
364,443,1,3,3
364,445,1,3,2
364,496,1,3,3
365,117,1,0,0
365,497,1,0,0
365,386,1,0,0
365,479,1,0,3
365,238,1,0,0
365,485,1,0,0
365,385,1,0,0
366,429,1,3,3
366,176,1,3,3
366,227,1,3,3
366,190,1,3,3
366,478,1,3,3
366,206,1,3,3
366,137,1,3,3
366,376,1,3,3
366,463,1,3,3
366,461,1,3,3
366,473,1,3,3
366,477,1,3,3
110,117,1,0,0
110,497,1,0,0
110,386,1,0,0
110,215,1,0,0
110,135,1,0,0
110,371,1,0,0
110,214,1,0,0
110,387,1,0,0
110,373,1,0,0
368,497,1,0,0
368,135,1,0,0
368,436,1,0,0
368,238,1,0,0
370,117,1,3,0
370,227,1,3,3
370,479,1,3,3
370,453,1,3,3
370,136,1,3,3
370,142,1,3,3
370,461,1,3,3
371,497,1,0,0
371,247,1,0,0
371,395,1,0,2
115,227,1,3,3
115,190,1,3,3
115,139,1,3,3
117,386,1,0,0
117,214,1,0,0
117,485,1,0,0
117,146,1,0,0
117,487,1,0,0
117,247,1,0,0
117,381,1,0,0
117,387,1,0,0
117,233,1,0,0
117,497,1,0,0
117,204,1,0,0
117,481,1,0,0
117,373,1,0,0
373,386,1,0,0
373,238,1,0,0
376,176,1,3,3
376,228,1,3,3
376,227,1,3,3
376,479,1,3,3
376,142,1,3,3
376,181,1,3,3
376,206,1,3,3
376,139,1,3,3
376,136,1,3,3
376,461,1,3,3
378,462,1,1,1
378,386,1,1,0
378,458,1,1,1
378,165,1,1,1
378,145,1,1,1
378,125,1,1,1
378,488,1,1,1
378,171,1,1,1
378,490,1,1,1
379,429,1,3,3
379,227,1,3,3
379,479,1,3,3
379,478,1,3,3
125,429,1,1,3
125,462,1,1,1
125,423,1,1,1
125,181,1,1,3
125,218,1,1,1
125,165,1,1,1
125,409,1,1,1
125,246,1,1,1
125,488,1,1,1
125,182,1,1,1
125,171,1,1,1
125,153,1,1,1
381,168,1,0,2
381,497,1,0,0
381,247,1,0,0
381,436,1,0,0
381,485,1,0,0
385,389,1,0,0
385,497,1,0,0
385,386,1,0,0
385,215,1,0,0
385,175,1,0,0
386,497,1,0,0
386,135,1,0,0
386,214,1,0,0
386,485,1,0,0
386,247,1,0,0
386,229,1,0,0
386,233,1,0,0
386,411,1,0,0
386,499,1,0,0
386,215,1,0,0
386,204,1,0,0
386,206,1,0,3
386,481,1,0,0
386,450,1,0,0
386,142,1,0,3
386,175,1,0,0
386,439,1,0,0
387,497,1,0,0
387,135,1,0,0
387,450,1,0,0
387,206,1,0,3
389,215,1,0,0
389,188,1,0,0
389,233,1,0,0
389,481,1,0,0
389,439,1,0,0
389,450,1,0,0
389,485,1,0,0
389,497,1,0,0
389,229,1,0,0
135,168,1,0,2
135,497,1,0,0
135,188,1,0,0
135,214,1,0,0
135,489,1,0,0
135,247,1,0,0
135,196,1,0,0
135,411,1,0,0
135,204,1,0,0
135,450,1,0,0
135,439,1,0,0
136,176,1,3,3
136,142,1,3,3
136,453,1,3,3
136,181,1,3,3
137,429,1,3,3
137,176,1,3,3
137,439,1,3,0
137,142,1,3,3
137,478,1,3,3
137,181,1,3,3
137,473,1,3,3
137,463,1,3,3
137,191,1,3,3
393,182,1,1,1
393,153,1,1,1
139,429,1,3,3
139,227,1,3,3
139,496,1,3,3
139,206,1,3,3
139,477,1,3,3
139,461,1,3,3
395,168,1,2,2
395,220,1,2,2
395,420,1,2,2
395,449,1,2,2
395,445,1,2,2
398,176,1,3,3
398,227,1,3,3
398,496,1,3,3
398,479,1,3,3
398,463,1,3,3
142,443,1,3,3
142,227,1,3,3
142,190,1,3,3
142,196,1,3,0
142,461,1,3,3
145,409,1,1,1
145,182,1,1,1
145,458,1,1,1
146,215,1,0,0
146,214,1,0,0
146,247,1,0,0
146,238,1,0,0
406,228,1,3,3
406,227,1,3,3
409,458,1,1,1
409,190,1,1,3
153,462,1,1,1
153,490,1,1,1
153,246,1,1,1
411,485,1,0,0
411,439,1,0,0
411,247,1,0,0
411,233,1,0,0
416,168,1,2,2
416,420,1,2,2
416,176,1,2,3
416,449,1,2,2
416,445,1,2,2
420,168,1,2,2
420,220,1,2,2
420,445,1,2,2
420,247,1,2,0
420,479,1,2,3
420,436,1,2,0
420,219,1,2,2
420,449,1,2,2
165,423,1,1,1
165,171,1,1,1
165,199,1,1,3
165,490,1,1,1
165,182,1,1,1
423,220,1,1,2
423,182,1,1,1
168,449,1,2,2
168,220,1,2,2
168,219,1,2,2
168,445,1,2,2
171,462,1,1,1
171,176,1,1,3
171,218,1,1,1
171,246,1,1,1
429,478,1,3,3
429,462,1,3,1
429,227,1,3,3
429,463,1,3,3
429,199,1,3,3
429,461,1,3,3
175,497,1,0,0
175,247,1,0,0
176,496,1,3,3
176,190,1,3,3
176,245,1,3,3
176,227,1,3,3
176,479,1,3,3
176,461,1,3,3
436,497,1,0,0
436,485,1,0,0
436,450,1,0,0
436,188,1,0,0
181,497,1,3,0
181,227,1,3,3
181,479,1,3,3
181,461,1,3,3
181,191,1,3,3
182,246,1,1,1
439,497,1,0,0
439,450,1,0,0
439,496,1,0,3
439,214,1,0,0
439,449,1,0,2
443,479,1,3,3
443,227,1,3,3
443,190,1,3,3
188,497,1,0,0
188,485,1,0,0
188,214,1,0,0
188,196,1,0,0
444,461,1,3,3
190,479,1,3,3
190,461,1,3,3
191,479,1,3,3
191,461,1,3,3
445,220,1,2,2
445,450,1,2,0
445,449,1,2,2
449,220,1,2,2
449,219,1,2,2
450,497,1,0,0
450,215,1,0,0
450,485,1,0,0
450,233,1,0,0
450,214,1,0,0
450,196,1,0,0
196,214,1,0,0
196,247,1,0,0
453,228,1,3,3
453,227,1,3,3
453,496,1,3,3
453,478,1,3,3
453,473,1,3,3
199,227,1,3,3
199,463,1,3,3
199,461,1,3,3
204,497,1,0,0
204,485,1,0,0
204,481,1,0,0
461,245,1,3,3
461,227,1,3,3
461,496,1,3,3
461,479,1,3,3
461,206,1,3,3
461,473,1,3,3
461,477,1,3,3
206,227,1,3,3
206,463,1,3,3
462,490,1,1,1
462,245,1,1,3
462,246,1,1,1
463,228,1,3,3
463,245,1,3,3
463,227,1,3,3
463,473,1,3,3
463,477,1,3,3
214,497,1,0,0
214,215,1,0,0
214,485,1,0,0
214,245,1,0,3
214,247,1,0,0
214,233,1,0,0
214,499,1,0,0
215,497,1,0,0
215,485,1,0,0
473,227,1,3,3
218,246,1,1,1
219,220,1,2,2
477,228,1,3,3
477,496,1,3,3
479,228,1,3,3
479,496,1,3,3
481,485,1,0,0
481,238,1,0,0
227,228,1,3,3
227,245,1,3,3
227,496,1,3,3
228,229,1,3,0
485,497,1,0,0
487,497,1,0,0
487,247,1,0,0
487,499,1,0,0
233,489,1,0,0
233,238,1,0,0
489,497,1,0,0
238,497,1,0,0
238,499,1,0,0
497,247,1,0,0
497,499,1,0,0
0,354,2,0,1
0,133,2,0,0
0,327,2,0,0
0,162,2,0,0
0,378,2,0,0
0,100,2,0,0
0,450,2,0,0
0,490,2,0,0
0,324,2,0,0
0,46,2,0,0
0,462,2,0,0
0,295,2,0,0
0,44,2,0,0
0,196,2,0,0
0,449,2,0,0
0,198,2,0,0
0,220,2,0,0
0,451,2,0,0
0,321,2,0,0
0,57,2,0,0
0,444,2,0,0
0,442,2,0,0
0,226,2,0,0
0,303,2,0,0
0,50,2,0,0
0,160,2,0,0
0,106,2,0,0
0,243,2,0,0
0,214,2,0,0
0,137,2,0,1
0,29,2,0,0
0,315,2,0,0
0,20,2,0,0
1,123,2,1,1
1,153,2,1,1
1,65,2,1,1
1,473,2,1,1
1,240,2,1,1
1,497,2,1,1
1,151,2,1,1
1,318,2,1,1
1,48,2,1,1
1,80,2,1,1
1,278,2,1,1
1,42,2,1,1
1,487,2,1,1
1,461,2,1,1
1,463,2,1,1
1,200,2,1,1
1,157,2,1,1
2,265,2,1,1
2,483,2,1,1
2,318,2,1,1
2,80,2,1,1
2,461,2,1,1
2,134,2,1,1
2,348,2,1,1
5,133,2,0,0
5,162,2,0,0
5,451,2,0,0
5,226,2,0,0
5,50,2,0,0
5,198,2,0,0
6,312,2,1,1
6,112,2,1,1
6,264,2,1,1
6,379,2,1,1
6,291,2,1,1
6,364,2,1,1
6,487,2,1,1
6,62,2,1,1
6,399,2,1,1
6,228,2,1,1
8,354,2,1,1
8,111,2,1,1
8,200,2,1,1
8,308,2,1,1
8,71,2,1,1
10,38,2,2,2
10,162,2,2,0
10,345,2,2,1
10,436,2,2,1
10,477,2,2,2
10,307,2,2,2
10,188,2,2,2
10,315,2,2,0
10,182,2,2,2
10,453,2,2,2
12,133,2,2,0
12,38,2,2,2
12,231,2,2,2
12,199,2,2,2
12,206,2,2,2
12,178,2,2,2
12,22,2,2,2
12,477,2,2,2
12,66,2,2,2
12,401,2,2,2
12,35,2,2,2
12,423,2,2,2
12,182,2,2,2
17,285,2,1,1
17,125,2,1,1
17,62,2,1,1
17,420,2,1,1
17,499,2,1,1
19,65,2,1,1
19,483,2,1,1
19,343,2,1,1
19,48,2,1,1
19,181,2,1,1
19,463,2,1,1
19,476,2,1,1
19,420,2,1,1
20,100,2,0,0
20,490,2,0,0
20,204,2,0,3
20,288,2,0,0
20,160,2,0,0
20,444,2,0,0
20,295,2,0,0
20,196,2,0,0
20,226,2,0,0
20,106,2,0,0
22,256,2,2,2
22,133,2,2,0
22,38,2,2,2
22,231,2,2,2
22,479,2,2,2
22,199,2,2,2
22,81,2,2,2
22,206,2,2,2
22,447,2,2,2
22,169,2,2,2
22,178,2,2,2
22,423,2,2,2
22,42,2,2,1
22,66,2,2,2
22,374,2,2,2
22,35,2,2,2
22,90,2,2,2
22,484,2,2,2
22,477,2,2,2
22,191,2,2,2
22,182,2,2,2
22,261,2,2,2
22,305,2,2,2
22,67,2,2,2
22,111,2,2,1
22,342,2,2,2
22,496,2,2,2
22,188,2,2,2
22,214,2,2,0
22,300,2,2,2
22,216,2,2,2
22,401,2,2,2
22,225,2,2,1
22,53,2,2,2
23,264,2,1,1
23,65,2,1,1
23,478,2,1,1
23,270,2,1,1
23,278,2,1,1
23,389,2,1,1
23,71,2,1,1
23,246,2,1,1
24,354,2,1,1
24,117,2,1,1
24,65,2,1,1
24,483,2,1,1
24,473,2,1,1
24,343,2,1,1
24,349,2,1,1
24,399,2,1,1
24,39,2,1,1
24,142,2,1,1
24,308,2,1,1
24,181,2,1,1
25,176,2,3,3
25,153,2,3,1
25,338,2,3,3
25,333,2,3,3
25,336,2,3,3
25,309,2,3,3
25,104,2,3,3
25,458,2,3,3
25,297,2,3,3
25,61,2,3,3
25,52,2,3,3
25,254,2,3,3
25,357,2,3,3
25,43,2,3,3
29,133,2,0,0
29,162,2,0,0
29,493,2,0,0
29,450,2,0,0
29,490,2,0,0
29,57,2,0,0
29,160,2,0,0
29,444,2,0,0
29,50,2,0,0
35,38,2,2,2
35,231,2,2,2
35,103,2,2,2
35,199,2,2,2
35,206,2,2,2
35,447,2,2,2
35,497,2,2,1
35,178,2,2,2
35,477,2,2,2
35,401,2,2,2
35,445,2,2,2
35,374,2,2,2
38,231,2,2,2
38,264,2,2,1
38,401,2,2,2
38,447,2,2,2
38,66,2,2,2
38,90,2,2,2
38,484,2,2,2
38,178,2,2,2
38,477,2,2,2
38,81,2,2,2
38,125,2,2,1
38,191,2,2,2
38,336,2,2,3
38,206,2,2,2
38,261,2,2,2
38,479,2,2,2
38,305,2,2,2
38,67,2,2,2
38,199,2,2,2
38,188,2,2,2
38,181,2,2,1
38,216,2,2,2
38,423,2,2,2
38,445,2,2,2
39,277,2,1,1
39,481,2,1,1
39,151,2,1,1
39,111,2,1,1
39,389,2,1,1
39,285,2,1,1
39,130,2,1,1
39,392,2,1,1
40,265,2,1,1
40,379,2,1,1
40,285,2,1,1
40,325,2,1,1
40,63,2,1,1
40,485,2,1,1
40,324,2,1,0
40,99,2,1,1
40,171,2,1,1
42,277,2,1,1
42,436,2,1,1
42,291,2,1,1
42,487,2,1,1
42,179,2,1,1
42,443,2,1,1
42,325,2,1,1
42,445,2,1,2
43,238,2,3,3
43,287,2,3,3
43,338,2,3,3
43,336,2,3,3
43,204,2,3,3
43,309,2,3,3
43,104,2,3,3
43,289,2,3,3
43,458,2,3,3
43,136,2,3,3
43,319,2,3,3
43,52,2,3,3
43,410,2,3,3
43,357,2,3,3
44,133,2,0,0
44,238,2,0,3
44,327,2,0,0
44,162,2,0,0
44,378,2,0,0
44,493,2,0,0
44,447,2,0,2
44,450,2,0,0
44,490,2,0,0
44,324,2,0,0
44,46,2,0,0
44,288,2,0,0
44,462,2,0,0
44,57,2,0,0
44,295,2,0,0
44,196,2,0,0
44,442,2,0,0
44,50,2,0,0
44,160,2,0,0
44,106,2,0,0
44,243,2,0,0
44,315,2,0,0
46,133,2,0,0
46,481,2,0,1
46,162,2,0,0
46,303,2,0,0
46,106,2,0,0
48,354,2,1,1
48,117,2,1,1
48,65,2,1,1
48,436,2,1,1
48,343,2,1,1
48,406,2,1,1
48,274,2,1,1
48,364,2,1,1
48,420,2,1,1
50,133,2,0,0
50,162,2,0,0
50,450,2,0,0
50,288,2,0,0
50,315,2,0,0
50,451,2,0,0
50,444,2,0,0
50,243,2,0,0
50,220,2,0,0
52,333,2,3,3
52,204,2,3,3
52,309,2,3,3
52,136,2,3,3
52,280,2,3,3
53,231,2,2,2
53,199,2,2,2
53,447,2,2,2
53,477,2,2,2
53,305,2,2,2
53,67,2,2,2
53,92,2,2,2
57,133,2,0,0
57,162,2,0,0
57,378,2,0,0
57,444,2,0,0
57,449,2,0,0
57,226,2,0,0
57,243,2,0,0
57,160,2,0,0
57,106,2,0,0
58,354,2,1,1
58,264,2,1,1
58,345,2,1,1
58,478,2,1,1
59,123,2,1,1
59,483,2,1,1
59,476,2,1,1
61,176,2,3,3
61,238,2,3,3
61,276,2,3,3
61,409,2,3,3
61,309,2,3,3
62,275,2,1,1
62,277,2,1,1
62,354,2,1,1
62,65,2,1,1
62,483,2,1,1
62,473,2,1,1
62,489,2,1,1
62,291,2,1,1
62,267,2,1,1
62,202,2,1,1
62,478,2,1,1
62,181,2,1,1
62,75,2,1,1
62,200,2,1,1
62,376,2,1,1
62,179,2,1,1
62,260,2,1,1
63,379,2,1,1
63,65,2,1,1
63,370,2,1,1
63,364,2,1,1
63,250,2,1,1
63,219,2,1,1
65,265,2,1,1
65,153,2,1,1
65,162,2,1,0
65,117,2,1,1
65,345,2,1,1
65,110,2,1,1
65,130,2,1,1
65,165,2,1,1
65,200,2,1,1
65,125,2,1,1
65,490,2,1,0
65,325,2,1,1
65,373,2,1,1
65,406,2,1,1
65,371,2,1,1
65,250,2,1,1
65,483,2,1,1
65,364,2,1,1
65,278,2,1,1
65,397,2,1,1
65,71,2,1,1
65,137,2,1,1
65,401,2,1,2
66,231,2,2,2
66,479,2,2,2
66,103,2,2,2
66,206,2,2,2
66,447,2,2,2
66,178,2,2,2
66,477,2,2,2
66,364,2,2,1
66,374,2,2,2
66,92,2,2,2
66,261,2,2,2
66,496,2,2,2
66,188,2,2,2
66,300,2,2,2
66,216,2,2,2
66,401,2,2,2
67,231,2,2,2
67,199,2,2,2
67,447,2,2,2
67,477,2,2,2
67,453,2,2,2
68,478,2,1,1
68,485,2,1,1
71,265,2,1,1
71,379,2,1,1
71,255,2,1,1
71,135,2,1,1
71,371,2,1,1
71,247,2,1,1
75,123,2,1,1
75,238,2,1,3
75,117,2,1,1
75,379,2,1,1
75,436,2,1,1
75,151,2,1,1
75,190,2,1,1
75,494,2,1,1
78,354,2,1,1
78,312,2,1,1
78,481,2,1,1
78,473,2,1,1
78,343,2,1,1
78,151,2,1,1
78,181,2,1,1
78,200,2,1,1
80,123,2,1,1
80,133,2,1,0
80,233,2,1,1
80,483,2,1,1
80,151,2,1,1
80,318,2,1,1
80,291,2,1,1
80,370,2,1,1
80,397,2,1,1
80,141,2,1,1
80,299,2,1,1
80,420,2,1,1
80,134,2,1,1
80,255,2,1,1
80,373,2,1,1
80,278,2,1,1
80,181,2,1,1
80,247,2,1,1
80,478,2,1,1
81,256,2,2,2
81,231,2,2,2
81,479,2,2,2
81,103,2,2,2
81,199,2,2,2
81,496,2,2,2
81,206,2,2,2
81,182,2,2,2
81,289,2,2,3
81,477,2,2,2
88,333,2,3,3
88,204,2,3,3
88,309,2,3,3
88,458,2,3,3
88,190,2,3,1
88,168,2,3,3
90,112,2,2,1
90,231,2,2,2
90,199,2,2,2
90,206,2,2,2
90,447,2,2,2
90,178,2,2,2
90,401,2,2,2
90,423,2,2,2
90,216,2,2,2
90,374,2,2,2
90,182,2,2,2
90,261,2,2,2
92,256,2,2,2
92,231,2,2,2
92,178,2,2,2
92,477,2,2,2
92,401,2,2,2
92,201,2,2,2
92,423,2,2,2
92,191,2,2,2
95,338,2,3,3
95,447,2,3,2
95,336,2,3,3
95,225,2,3,1
95,289,2,3,3
95,410,2,3,3
95,280,2,3,3
96,277,2,1,1
96,265,2,1,1
96,345,2,1,1
96,293,2,1,1
96,255,2,1,1
96,130,2,1,1
96,406,2,1,1
96,237,2,1,1
97,238,2,3,3
97,409,2,3,3
97,336,2,3,3
97,204,2,3,3
97,309,2,3,3
97,297,2,3,3
97,254,2,3,3
97,168,2,3,3
99,277,2,1,1
99,123,2,1,1
99,483,2,1,1
99,343,2,1,1
99,202,2,1,1
100,162,2,0,0
100,379,2,0,1
100,288,2,0,0
100,324,2,0,0
100,450,2,0,0
103,231,2,2,2
103,479,2,2,2
103,423,2,2,2
103,374,2,2,2
103,447,2,2,2
103,445,2,2,2
103,287,2,2,3
103,484,2,2,2
103,178,2,2,2
103,477,2,2,2
104,238,2,3,3
104,336,2,3,3
104,204,2,3,3
104,357,2,3,3
104,254,2,3,3
104,202,2,3,1
106,133,2,0,0
106,162,2,0,0
106,493,2,0,0
106,442,2,0,0
110,123,2,1,1
110,354,2,1,1
110,312,2,1,1
110,274,2,1,1
110,291,2,1,1
110,389,2,1,1
110,290,2,1,1
111,277,2,1,1
111,481,2,1,1
111,117,2,1,1
111,473,2,1,1
111,240,2,1,1
111,489,2,1,1
111,291,2,1,1
111,308,2,1,1
111,134,2,1,1
111,499,2,1,1
111,219,2,1,1
111,139,2,1,1
111,371,2,1,1
111,142,2,1,1
111,494,2,1,1
111,181,2,1,1
112,277,2,1,1
112,265,2,1,1
112,481,2,1,1
112,300,2,1,2
112,483,2,1,1
112,497,2,1,1
112,389,2,1,1
112,246,2,1,1
112,206,2,1,2
112,151,2,1,1
115,126,2,3,3
115,238,2,3,3
115,287,2,3,3
115,333,2,3,3
115,409,2,3,3
115,336,2,3,3
115,309,2,3,3
115,289,2,3,3
115,136,2,3,3
115,319,2,3,3
115,297,2,3,3
115,410,2,3,3
115,280,2,3,3
115,357,2,3,3
115,168,2,3,3
117,277,2,1,1
117,354,2,1,1
117,319,2,1,3
117,299,2,1,1
117,134,2,1,1
117,343,2,1,1
117,255,2,1,1
117,345,2,1,1
117,270,2,1,1
117,151,2,1,1
117,274,2,1,1
117,318,2,1,1
117,293,2,1,1
117,461,2,1,1
117,199,2,1,2
117,181,2,1,1
117,247,2,1,1
117,291,2,1,1
117,476,2,1,1
117,137,2,1,1
117,379,2,1,1
117,225,2,1,1
117,370,2,1,1
123,176,2,1,3
123,130,2,1,1
123,354,2,1,1
123,348,2,1,1
123,228,2,1,1
123,481,2,1,1
123,349,2,1,1
123,371,2,1,1
123,274,2,1,1
123,265,2,1,1
123,463,2,1,1
123,397,2,1,1
123,137,2,1,1
123,467,2,1,1
123,489,2,1,1
125,354,2,1,1
125,345,2,1,1
125,483,2,1,1
125,473,2,1,1
125,497,2,1,1
125,436,2,1,1
125,309,2,1,3
125,478,2,1,1
125,181,2,1,1
125,376,2,1,1
125,228,2,1,1
125,406,2,1,1
125,393,2,1,1
125,135,2,1,1
125,485,2,1,1
125,476,2,1,1
126,133,2,3,0
126,136,2,3,3
126,338,2,3,3
126,333,2,3,3
126,357,2,3,3
126,368,2,3,3
126,336,2,3,3
126,309,2,3,3
126,458,2,3,3
130,483,2,1,1
130,240,2,1,1
130,436,2,1,1
130,318,2,1,1
130,225,2,1,1
130,364,2,1,1
130,389,2,1,1
130,260,2,1,1
130,190,2,1,1
130,308,2,1,1
130,439,2,1,1
130,171,2,1,1
130,393,2,1,1
130,237,2,1,1
133,354,2,0,1
133,231,2,0,2
133,295,2,0,0
133,196,2,0,0
133,449,2,0,0
133,493,2,0,0
133,198,2,0,0
133,451,2,0,0
133,387,2,0,0
133,321,2,0,0
133,462,2,0,0
133,315,2,0,0
133,444,2,0,0
133,442,2,0,0
133,378,2,0,0
133,226,2,0,0
133,490,2,0,0
133,303,2,0,0
133,206,2,0,2
133,160,2,0,0
133,162,2,0,0
133,318,2,0,1
133,243,2,0,0
133,450,2,0,0
133,483,2,0,1
133,199,2,0,2
133,324,2,0,0
134,265,2,1,1
134,345,2,1,1
134,489,2,1,1
134,151,2,1,1
134,181,2,1,1
134,461,2,1,1
134,389,2,1,1
134,308,2,1,1
134,200,2,1,1
135,265,2,1,1
135,345,2,1,1
135,483,2,1,1
135,473,2,1,1
135,370,2,1,1
135,270,2,1,1
135,325,2,1,1
135,137,2,1,1
135,406,2,1,1
135,142,2,1,1
136,238,2,3,3
136,287,2,3,3
136,162,2,3,0
136,338,2,3,3
136,409,2,3,3
136,368,2,3,3
136,336,2,3,3
136,204,2,3,3
136,309,2,3,3
136,410,2,3,3
136,280,2,3,3
136,319,2,3,3
137,483,2,1,1
137,436,2,1,1
137,151,2,1,1
137,202,2,1,1
137,181,2,1,1
137,200,2,1,1
137,237,2,1,1
137,142,2,1,1
137,392,2,1,1
139,485,2,1,1
141,277,2,1,1
141,473,2,1,1
141,151,2,1,1
142,277,2,1,1
142,483,2,1,1
142,489,2,1,1
142,343,2,1,1
142,478,2,1,1
142,299,2,1,1
151,265,2,1,1
151,379,2,1,1
151,345,2,1,1
151,483,2,1,1
151,436,2,1,1
151,451,2,1,0
151,389,2,1,1
151,499,2,1,1
151,318,2,1,1
151,366,2,1,1
151,291,2,1,1
151,476,2,1,1
151,225,2,1,1
151,478,2,1,1
151,370,2,1,1
153,277,2,1,1
153,354,2,1,1
153,265,2,1,1
153,479,2,1,2
153,202,2,1,1
153,343,2,1,1
153,250,2,1,1
153,336,2,1,3
157,277,2,1,1
157,483,2,1,1
157,318,2,1,1
157,364,2,1,1
157,485,2,1,1
160,256,2,0,2
160,450,2,0,0
160,490,2,0,0
160,324,2,0,0
160,444,2,0,0
160,423,2,0,2
160,387,2,0,0
162,327,2,0,0
162,196,2,0,0
162,493,2,0,0
162,198,2,0,0
162,462,2,0,0
162,220,2,0,0
162,321,2,0,0
162,444,2,0,0
162,288,2,0,0
162,226,2,0,0
162,490,2,0,0
162,450,2,0,0
162,324,2,0,0
162,293,2,0,1
165,483,2,1,1
165,255,2,1,1
165,467,2,1,1
168,176,2,3,3
168,338,2,3,3
168,336,2,3,3
168,204,2,3,3
168,309,2,3,3
169,231,2,2,2
169,479,2,2,2
169,199,2,2,2
169,206,2,2,2
169,333,2,2,3
169,477,2,2,2
171,233,2,1,1
171,318,2,1,1
171,278,2,1,1
171,389,2,1,1
171,195,2,1,1
171,494,2,1,1
176,336,2,3,3
176,238,2,3,3
176,368,2,3,3
176,461,2,3,1
176,309,2,3,3
176,204,2,3,3
176,458,2,3,3
178,231,2,2,2
178,479,2,2,2
178,199,2,2,2
178,206,2,2,2
178,436,2,2,1
178,423,2,2,2
178,477,2,2,2
178,191,2,2,2
178,261,2,2,2
178,188,2,2,2
178,201,2,2,2
178,401,2,2,2
179,255,2,1,1
179,467,2,1,1
181,277,2,1,1
181,354,2,1,1
181,265,2,1,1
181,483,2,1,1
181,473,2,1,1
181,240,2,1,1
181,436,2,1,1
181,349,2,1,1
181,490,2,1,0
181,225,2,1,1
181,370,2,1,1
181,202,2,1,1
181,255,2,1,1
181,389,2,1,1
181,325,2,1,1
181,499,2,1,1
181,402,2,1,1
181,392,2,1,1
181,371,2,1,1
181,393,2,1,1
181,274,2,1,1
181,293,2,1,1
181,439,2,1,1
181,278,2,1,1
181,463,2,1,1
181,366,2,1,1
181,260,2,1,1
181,467,2,1,1
182,479,2,2,2
182,199,2,2,2
182,477,2,2,2
182,305,2,2,2
188,199,2,2,2
188,477,2,2,2
190,275,2,1,1
190,233,2,1,1
190,345,2,1,1
190,200,2,1,1
191,231,2,2,2
191,479,2,2,2
191,477,2,2,2
195,483,2,1,1
195,291,2,1,1
196,327,2,0,0
196,324,2,0,0
196,288,2,0,0
196,449,2,0,0
196,444,2,0,0
196,198,2,0,0
198,450,2,0,0
198,214,2,0,0
198,451,2,0,0
198,226,2,0,0
198,295,2,0,0
198,387,2,0,0
199,256,2,2,2
199,231,2,2,2
199,479,2,2,2
199,401,2,2,2
199,447,2,2,2
199,374,2,2,2
199,484,2,2,2
199,477,2,2,2
199,453,2,2,2
199,206,2,2,2
199,285,2,2,1
199,305,2,2,2
199,342,2,2,2
199,300,2,2,2
199,201,2,2,2
199,216,2,2,2
199,423,2,2,2
199,445,2,2,2
199,478,2,2,1
200,277,2,1,1
200,354,2,1,1
200,473,2,1,1
200,489,2,1,1
200,343,2,1,1
200,397,2,1,1
200,389,2,1,1
200,299,2,1,1
200,348,2,1,1
200,274,2,1,1
200,250,2,1,1
201,231,2,2,2
201,479,2,2,2
201,206,2,2,2
201,447,2,2,2
201,477,2,2,2
201,401,2,2,2
201,445,2,2,2
201,453,2,2,2
201,374,2,2,2
201,496,2,2,2
202,461,2,1,1
204,238,2,3,3
204,338,2,3,3
204,447,2,3,2
204,333,2,3,3
204,409,2,3,3
204,368,2,3,3
204,336,2,3,3
204,297,2,3,3
204,462,2,3,0
204,309,2,3,3
204,289,2,3,3
204,410,2,3,3
204,280,2,3,3
204,357,2,3,3
206,256,2,2,2
206,231,2,2,2
206,479,2,2,2
206,447,2,2,2
206,374,2,2,2
206,484,2,2,2
206,477,2,2,2
206,453,2,2,2
206,261,2,2,2
206,305,2,2,2
206,342,2,2,2
206,300,2,2,2
206,216,2,2,2
206,445,2,2,2
214,327,2,0,0
214,450,2,0,0
214,315,2,0,0
216,447,2,2,2
216,477,2,2,2
216,401,2,2,2
216,484,2,2,2
216,374,2,2,2
216,307,2,2,2
219,354,2,1,1
219,473,2,1,1
219,225,2,1,1
219,270,2,1,1
220,450,2,0,0
220,315,2,0,0
220,444,2,0,0
220,442,2,0,0
225,379,2,1,1
225,345,2,1,1
225,291,2,1,1
225,324,2,1,0
225,267,2,1,1
225,485,2,1,1
225,393,2,1,1
225,270,2,1,1
225,308,2,1,1
225,293,2,1,1
226,327,2,0,0
226,490,2,0,0
226,324,2,0,0
226,462,2,0,0
226,315,2,0,0
226,444,2,0,0
226,243,2,0,0
226,321,2,0,0
228,277,2,1,1
228,345,2,1,1
228,483,2,1,1
231,256,2,2,2
231,423,2,2,2
231,447,2,2,2
231,374,2,2,2
231,451,2,2,0
231,484,2,2,2
231,477,2,2,2
231,453,2,2,2
231,261,2,2,2
231,479,2,2,2
231,305,2,2,2
231,307,2,2,2
231,496,2,2,2
231,342,2,2,2
231,300,2,2,2
231,401,2,2,2
231,445,2,2,2
233,238,2,1,3
233,345,2,1,1
233,291,2,1,1
233,389,2,1,1
233,436,2,1,1
237,240,2,1,1
237,278,2,1,1
238,297,2,3,3
238,409,2,3,3
238,336,2,3,3
238,338,2,3,3
238,254,2,3,3
238,287,2,3,3
238,309,2,3,3
238,289,2,3,3
238,458,2,3,3
238,333,2,3,3
238,280,2,3,3
238,357,2,3,3
240,265,2,1,1
240,345,2,1,1
240,483,2,1,1
240,473,2,1,1
240,370,2,1,1
243,378,2,0,0
243,444,2,0,0
246,277,2,1,1
246,483,2,1,1
246,473,2,1,1
246,293,2,1,1
246,393,2,1,1
247,265,2,1,1
247,483,2,1,1
247,250,2,1,1
250,277,2,1,1
250,323,2,1,1
254,333,2,3,3
254,409,2,3,3
255,481,2,1,1
255,349,2,1,1
255,364,2,1,1
255,325,2,1,1
256,447,2,2,2
256,374,2,2,2
256,484,2,2,2
256,354,2,2,1
256,477,2,2,2
256,453,2,2,2
256,479,2,2,2
256,305,2,2,2
256,496,2,2,2
256,483,2,2,1
256,300,2,2,2
256,445,2,2,2
260,325,2,1,1
260,376,2,1,1
261,447,2,2,2
264,327,2,1,0
264,392,2,1,1
264,278,2,1,1
264,274,2,1,1
264,291,2,1,1
264,345,2,1,1
264,379,2,1,1
264,293,2,1,1
264,483,2,1,1
264,364,2,1,1
265,354,2,1,1
265,312,2,1,1
265,308,2,1,1
265,493,2,1,0
265,473,2,1,1
265,343,2,1,1
265,345,2,1,1
265,389,2,1,1
265,285,2,1,1
265,406,2,1,1
265,371,2,1,1
265,463,2,1,1
265,485,2,1,1
265,291,2,1,1
265,478,2,1,1
265,436,2,1,1
267,345,2,1,1
267,483,2,1,1
267,343,2,1,1
267,364,2,1,1
267,406,2,1,1
270,277,2,1,1
270,312,2,1,1
270,379,2,1,1
270,483,2,1,1
270,445,2,1,2
270,348,2,1,1
270,395,2,1,1
274,345,2,1,1
274,483,2,1,1
274,473,2,1,1
274,420,2,1,1
275,373,2,1,1
275,345,2,1,1
275,443,2,1,1
275,277,2,1,1
275,478,2,1,1
276,287,2,3,3
276,338,2,3,3
276,473,2,3,1
276,409,2,3,3
276,319,2,3,3
276,336,2,3,3
276,309,2,3,3
276,297,2,3,3
276,349,2,3,1
277,473,2,1,1
277,354,2,1,1
277,467,2,1,1
277,312,2,1,1
277,389,2,1,1
277,349,2,1,1
277,406,2,1,1
277,318,2,1,1
277,483,2,1,1
277,476,2,1,1
277,478,2,1,1
277,392,2,1,1
278,379,2,1,1
278,345,2,1,1
278,483,2,1,1
278,473,2,1,1
278,490,2,1,0
278,487,2,1,1
278,397,2,1,1
278,478,2,1,1
278,373,2,1,1
278,389,2,1,1
278,285,2,1,1
278,461,2,1,1
278,463,2,1,1
278,293,2,1,1
280,368,2,3,3
280,336,2,3,3
280,309,2,3,3
285,379,2,1,1
285,345,2,1,1
285,309,2,1,3
285,476,2,1,1
285,392,2,1,1
287,336,2,3,3
287,338,2,3,3
287,409,2,3,3
287,319,2,3,3
287,368,2,3,3
287,309,2,3,3
287,289,2,3,3
288,490,2,0,0
288,324,2,0,0
288,370,2,0,1
288,462,2,0,0
288,387,2,0,0
289,338,2,3,3
289,345,2,3,1
289,333,2,3,3
289,336,2,3,3
289,309,2,3,3
289,319,2,3,3
290,354,2,1,1
290,483,2,1,1
290,364,2,1,1
290,325,2,1,1
290,402,2,1,1
291,312,2,1,1
291,483,2,1,1
291,436,2,1,1
291,420,2,1,1
293,354,2,1,1
293,345,2,1,1
293,483,2,1,1
293,364,2,1,1
293,323,2,1,1
293,439,2,1,1
295,327,2,0,0
295,450,2,0,0
295,490,2,0,0
295,449,2,0,0
295,444,2,0,0
297,338,2,3,3
297,333,2,3,3
297,336,2,3,3
297,309,2,3,3
297,357,2,3,3
299,483,2,1,1
300,479,2,2,2
300,447,2,2,2
303,450,2,0,0
303,490,2,0,0
303,324,2,0,0
303,462,2,0,0
303,444,2,0,0
305,477,2,2,2
305,401,2,2,2
305,374,2,2,2
307,479,2,2,2
307,477,2,2,2
307,401,2,2,2
307,423,2,2,2
307,484,2,2,2
308,483,2,1,1
308,473,2,1,1
308,489,2,1,1
308,397,2,1,1
308,366,2,1,1
309,338,2,3,3
309,333,2,3,3
309,409,2,3,3
309,368,2,3,3
309,336,2,3,3
309,319,2,3,3
309,402,2,3,1
309,410,2,3,3
309,357,2,3,3
312,397,2,1,1
312,318,2,1,1
312,436,2,1,1
312,483,2,1,1
312,463,2,1,1
315,449,2,0,0
315,451,2,0,0
318,345,2,1,1
318,349,2,1,1
318,399,2,1,1
318,406,2,1,1
318,420,2,1,1
319,338,2,3,3
319,336,2,3,3
321,462,2,0,0
323,483,2,1,1
323,473,2,1,1
323,436,2,1,1
323,389,2,1,1
323,371,2,1,1
324,327,2,0,0
324,450,2,0,0
324,451,2,0,0
324,387,2,0,0
324,444,2,0,0
324,442,2,0,0
324,364,2,0,1
325,379,2,1,1
325,483,2,1,1
325,436,2,1,1
325,370,2,1,1
325,401,2,1,2
325,406,2,1,1
327,490,2,0,0
327,451,2,0,0
333,338,2,3,3
333,409,2,3,3
333,336,2,3,3
333,483,2,3,1
333,410,2,3,3
333,368,2,3,3
333,458,2,3,3
336,354,2,3,1
336,338,2,3,3
336,409,2,3,3
336,490,2,3,0
336,410,2,3,3
336,485,2,3,1
338,378,2,3,0
338,410,2,3,3
338,357,2,3,3
338,368,2,3,3
342,477,2,2,2
342,401,2,2,2
342,445,2,2,2
343,379,2,1,1
343,345,2,1,1
343,436,2,1,1
343,478,2,1,1
343,348,2,1,1
343,364,2,1,1
343,349,2,1,1
345,354,2,1,1
345,481,2,1,1
345,379,2,1,1
345,447,2,1,2
345,473,2,1,1
345,477,2,1,2
345,376,2,1,1
345,373,2,1,1
345,406,2,1,1
345,393,2,1,1
345,395,2,1,1
345,461,2,1,1
345,483,2,1,1
345,436,2,1,1
348,354,2,1,1
348,379,2,1,1
348,476,2,1,1
349,354,2,1,1
349,379,2,1,1
349,494,2,1,1
349,461,2,1,1
349,467,2,1,1
354,473,2,1,1
354,389,2,1,1
354,393,2,1,1
354,461,2,1,1
354,483,2,1,1
354,364,2,1,1
354,399,2,1,1
354,487,2,1,1
354,392,2,1,1
357,410,2,3,3
364,483,2,1,1
364,436,2,1,1
364,420,2,1,1
364,373,2,1,1
364,397,2,1,1
364,487,2,1,1
364,478,2,1,1
366,379,2,1,1
366,497,2,1,1
366,370,2,1,1
366,397,2,1,1
368,409,2,3,3
368,450,2,3,0
370,443,2,1,1
370,476,2,1,1
371,481,2,1,1
371,420,2,1,1
371,467,2,1,1
373,483,2,1,1
373,473,2,1,1
373,497,2,1,1
373,389,2,1,1
373,443,2,1,1
373,463,2,1,1
374,479,2,2,2
374,401,2,2,2
376,473,2,1,1
378,442,2,0,0
379,473,2,1,1
379,389,2,1,1
379,393,2,1,1
379,395,2,1,1
379,467,2,1,1
387,493,2,0,0
389,483,2,1,1
389,436,2,1,1
389,393,2,1,1
389,476,2,1,1
392,483,2,1,1
392,473,2,1,1
392,393,2,1,1
393,483,2,1,1
393,473,2,1,1
393,436,2,1,1
395,478,2,1,1
395,499,2,1,1
397,483,2,1,1
397,409,2,1,3
397,463,2,1,1
399,487,2,1,1
401,477,2,2,2
401,484,2,2,2
402,473,2,1,1
402,487,2,1,1
406,481,2,1,1
409,410,2,3,3
409,489,2,3,1
420,473,2,1,1
423,477,2,2,2
423,445,2,2,2
423,484,2,2,2
436,483,2,1,1
436,473,2,1,1
436,453,2,1,2
436,461,2,1,1
436,494,2,1,1
436,478,2,1,1
442,444,2,0,0
443,481,2,1,1
444,450,2,0,0
444,490,2,0,0
444,449,2,0,0
445,479,2,2,2
445,447,2,2,2
445,484,2,2,2
447,479,2,2,2
447,484,2,2,2
447,477,2,2,2
447,453,2,2,2
447,496,2,2,2
449,451,2,0,0
451,490,2,0,0
451,462,2,0,0
453,479,2,2,2
453,477,2,2,2
453,484,2,2,2
458,478,2,3,1
461,478,2,1,1
467,483,2,1,1
473,483,2,1,1
473,497,2,1,1
477,479,2,2,2
477,483,2,2,1
477,484,2,2,2
477,496,2,2,2
478,483,2,1,1
479,484,2,2,2
479,496,2,2,2
481,483,2,1,1
